Time,Links
https://www.youtube.com/watch?v=AlBc606v06U
https://www.youtube.com/watch?v=UQphbBmXI-E
https://www.youtube.com/watch?v=WyrZYGmoaFM
https://www.youtube.com/watch?v=onT3z0lCZz8
https://www.youtube.com/watch?v=_JGGLJMpVks
https://www.youtube.com/watch?v=1TfDbTGTvcg
https://www.youtube.com/watch?v=H_hgw-V-wBI
https://www.youtube.com/watch?v=77UFV6FaDPo
https://www.youtube.com/watch?v=-1U6jv6SzWY
https://www.youtube.com/watch?v=h6mnfec7bTc
https://www.youtube.com/watch?v=PebrOQm_SZQ
https://www.youtube.com/watch?v=XPfW6mGx1SA
https://www.youtube.com/watch?v=afdZ0kbLwt0
https://www.youtube.com/watch?v=G_BhUxx-cwk
https://www.youtube.com/watch?v=vuhYSH36aSM
https://www.youtube.com/watch?v=_18xpepmbcE
https://www.youtube.com/watch?v=6360FasOvdg
https://www.youtube.com/watch?v=Sjw0eGi-FAU
https://www.youtube.com/watch?v=ZEkfsSms4Q0
https://www.youtube.com/watch?v=INX3MRXG9DM
https://www.youtube.com/watch?v=b_rn7bwD8qQ
https://www.youtube.com/watch?v=27O942403jM
https://www.youtube.com/watch?v=B1q_mxkGUTg
https://www.youtube.com/watch?v=hiCICEx3Egk
https://www.youtube.com/watch?v=kt-BMjO232I
https://www.youtube.com/watch?v=pooDUsGR1n4
https://www.youtube.com/watch?v=i7YvaaAkRCw
https://www.youtube.com/watch?v=5GJWxDKyk3A
https://www.youtube.com/watch?v=geUYm3f6ZA4
https://www.youtube.com/watch?v=fSr85N64BA0
https://www.youtube.com/watch?v=VseaNKlYXa8
https://www.youtube.com/watch?v=YEbz2Qt3vec
https://www.youtube.com/watch?v=OybFOQyFd4o
https://www.youtube.com/watch?v=pxxYO7fcFrM
https://www.youtube.com/watch?v=vg6V2UWSjiM
https://www.youtube.com/watch?v=OIf8DsfpjC4
https://www.youtube.com/watch?v=JpL7scu-EmY
https://www.youtube.com/watch?v=FP-IopSHomc
https://www.youtube.com/watch?v=4tZ969oc-yI
https://www.youtube.com/watch?v=HfbRVxO7LEE
https://www.youtube.com/watch?v=BPp4doFEkYE
https://www.youtube.com/watch?v=FpeZsTo5hZw
https://www.youtube.com/watch?v=Fcd8UbutjIg
https://www.youtube.com/watch?v=7AS9r_E0PY4
https://www.youtube.com/watch?v=uItbMBBHFmo
https://www.youtube.com/watch?v=SarW9gtWoao
https://www.youtube.com/watch?v=mhTmOdYysSc
https://www.youtube.com/watch?v=OORBa32WFcM
https://www.youtube.com/watch?v=b-5Ugpc22mE
https://www.youtube.com/watch?v=S2dRcipMCpw
https://www.youtube.com/watch?v=4xvXrJq9Mdc
https://www.youtube.com/watch?v=dcBKEEVna-g
https://www.youtube.com/watch?v=fzeWc3zh01g
https://www.youtube.com/watch?v=66TYJJObd6E
https://www.youtube.com/watch?v=PohpFZZ-bMI
https://www.youtube.com/watch?v=ZTwu9CRnAO0
https://www.youtube.com/watch?v=IyeLRe2vXBY
https://www.youtube.com/watch?v=BWTODUKlVnU
https://www.youtube.com/watch?v=8TsWkuWWXgc
https://www.youtube.com/watch?v=n7VHYBkCbF4
https://www.youtube.com/watch?v=shqlOQ-Kqw0
https://www.youtube.com/watch?v=WwR-jyPHZ4Q
https://www.youtube.com/watch?v=soCmD9b4ros
https://www.youtube.com/watch?v=RUQl6YcMalg
https://www.youtube.com/watch?v=s-ltmarIBP8
https://www.youtube.com/watch?v=BboMpayJomw
https://www.youtube.com/watch?v=J-MX3XDPnd8
https://www.youtube.com/watch?v=1FvEDuWeB4A
https://www.youtube.com/watch?v=0wpBUcYzFG0
https://www.youtube.com/watch?v=Dm9Zf1WYQ_A
https://www.youtube.com/watch?v=ZlvfYmfefSI
https://www.youtube.com/watch?v=-e7wiyNO2us
https://www.youtube.com/watch?v=YLnUNjAq7-w
https://www.youtube.com/watch?v=2I1ZU5g1QNo
https://www.youtube.com/watch?v=GB_S2qFh5lU
https://www.youtube.com/watch?v=7xEjr39yYuo
https://www.youtube.com/watch?v=Q1I3kwHhoUU
https://www.youtube.com/watch?v=EgBJmlPo8Xw
https://www.youtube.com/watch?v=TZP885KZCtQ
https://www.youtube.com/watch?v=Ie2Xv2dD1Bg
https://www.youtube.com/watch?v=MgdG91aCsPU
https://www.youtube.com/watch?v=LZyybvVx-js
https://www.youtube.com/watch?v=dFr0OzL1yWQ
https://www.youtube.com/watch?v=qCTMq7xvdXU
https://www.youtube.com/watch?v=m6AdQLB_19g
https://www.youtube.com/watch?v=Jn1Uwsg3eRQ
https://www.youtube.com/watch?v=cvIiZc6uAXA
https://www.youtube.com/watch?v=4Kv_Gkz4wPc
https://www.youtube.com/watch?v=-PZsSWwc9xA
https://www.youtube.com/watch?v=KRntP-q_R9s
https://www.youtube.com/watch?v=mhmGwTDpPf0
https://www.youtube.com/watch?v=2pnXjQCegVc
https://www.youtube.com/watch?v=kOIVaJgv5zE
https://www.youtube.com/watch?v=9THdV8gBLYk
https://www.youtube.com/watch?v=6nM1lwBB9lY
https://www.youtube.com/watch?v=coLerbRvgsQ
https://www.youtube.com/watch?v=Ms5yMta2p9A
https://www.youtube.com/watch?v=12fXWudE_xU
https://www.youtube.com/watch?v=RVc4kayC9bo
https://www.youtube.com/watch?v=DyDfgMOUjCI
https://www.youtube.com/watch?v=mMX2ohnUgGg
https://www.youtube.com/watch?v=Zm_s6_QTJG0
https://www.youtube.com/watch?v=yaJx0Gj_LCY
https://www.youtube.com/watch?v=kvo_R9eKpVc
https://www.youtube.com/shorts/W2_HBg2km3U
https://www.youtube.com/watch?v=HUHC9tYz8ik
https://www.youtube.com/watch?v=b_em8lNLJXc
https://www.youtube.com/watch?v=0I4fD49Gbck
https://www.youtube.com/watch?v=xXFdnHiGwos
https://www.youtube.com/watch?v=srg3BHdIzZI
https://www.youtube.com/watch?v=CPmAjkREqSw
https://www.youtube.com/watch?v=LIdBaYubK8I
https://www.youtube.com/watch?v=SxoRryWApic
https://www.youtube.com/watch?v=thaqhuAs0Jw
https://www.youtube.com/watch?v=pbMwTqkKSps
https://www.youtube.com/watch?v=b6WNdcZpDhQ
https://www.youtube.com/watch?v=MHNzwtuBTjE
https://www.youtube.com/watch?v=skHbZBsS7hM
https://www.youtube.com/watch?v=BUylm6dq8L0
https://www.youtube.com/watch?v=Ah0Ys50CqO8
https://www.youtube.com/watch?v=6KXAzmFAEKg
https://www.youtube.com/watch?v=i0y7zCaDlzg
https://www.youtube.com/watch?v=1DJuFuKydn0
https://www.youtube.com/watch?v=w5THNKAV5tc
https://www.youtube.com/watch?v=za8Ki4CCXgg
https://www.youtube.com/watch?v=vuXDX8AQFZ8
https://www.youtube.com/watch?v=V1Pl8CzNzCw
https://www.youtube.com/watch?v=wjj2upnfBI0
https://www.youtube.com/watch?v=q--EFDQT9pM
https://www.youtube.com/watch?v=6EZWBhA-Zgo
https://www.youtube.com/watch?v=qpQSjf-0Lc8
https://www.youtube.com/watch?v=U0jmgLaNL-Y
https://www.youtube.com/watch?v=7AocLuDCQjY
https://www.youtube.com/watch?v=QhWE0wvkPnY
https://www.youtube.com/watch?v=-tn2S3kJlyU
https://www.youtube.com/watch?v=BbQlBOHwZz8
https://www.youtube.com/watch?v=9dobJDxPEzM
https://www.youtube.com/watch?v=fD3K8bFvb8U
https://www.youtube.com/watch?v=p8J-SX_5gcs
https://www.youtube.com/watch?v=p9sUkJry_XA
https://www.youtube.com/watch?v=tGHTOVw6F4Q
https://www.youtube.com/watch?v=dVUmSgzgOqs
https://www.youtube.com/watch?v=WnUR3be5Ebk
https://www.youtube.com/watch?v=ebb5AinKxWI
https://www.youtube.com/watch?v=UWAbdiiAOZA
https://www.youtube.com/watch?v=cnGW8NR-toE
https://www.youtube.com/watch?v=EouSUGJ7OLQ
https://www.youtube.com/watch?v=Q2WcdaF8uL8
https://www.youtube.com/watch?v=gBRi6aZJGj4
https://www.youtube.com/watch?v=lVacSI9wTbY
https://www.youtube.com/watch?v=hG4lT4fxj8M
https://www.youtube.com/watch?v=FQ0iq10ULNA
https://www.youtube.com/watch?v=viimfQi_pUw
https://www.youtube.com/watch?v=d--DyK0wtYo
https://www.youtube.com/watch?v=es0Y8ikir1k
https://www.youtube.com/watch?v=AlBc606v06U
https://www.youtube.com/watch?v=UQphbBmXI-E
https://www.youtube.com/watch?v=WyrZYGmoaFM
https://www.youtube.com/watch?v=onT3z0lCZz8
https://www.youtube.com/watch?v=_JGGLJMpVks
https://www.youtube.com/watch?v=1TfDbTGTvcg
https://www.youtube.com/watch?v=H_hgw-V-wBI
https://www.youtube.com/watch?v=77UFV6FaDPo
https://www.youtube.com/watch?v=-1U6jv6SzWY
https://www.youtube.com/watch?v=h6mnfec7bTc
https://www.youtube.com/watch?v=PebrOQm_SZQ
https://www.youtube.com/watch?v=XPfW6mGx1SA
https://www.youtube.com/watch?v=afdZ0kbLwt0
https://www.youtube.com/watch?v=G_BhUxx-cwk
https://www.youtube.com/watch?v=vuhYSH36aSM
https://www.youtube.com/watch?v=_18xpepmbcE
https://www.youtube.com/watch?v=6360FasOvdg
https://www.youtube.com/watch?v=Sjw0eGi-FAU
https://www.youtube.com/watch?v=ZEkfsSms4Q0
https://www.youtube.com/watch?v=INX3MRXG9DM
https://www.youtube.com/watch?v=b_rn7bwD8qQ
https://www.youtube.com/watch?v=27O942403jM
https://www.youtube.com/watch?v=B1q_mxkGUTg
https://www.youtube.com/watch?v=hiCICEx3Egk
https://www.youtube.com/watch?v=kt-BMjO232I
https://www.youtube.com/watch?v=pooDUsGR1n4
https://www.youtube.com/watch?v=i7YvaaAkRCw
https://www.youtube.com/watch?v=5GJWxDKyk3A
https://www.youtube.com/watch?v=geUYm3f6ZA4
https://www.youtube.com/watch?v=fSr85N64BA0
https://www.youtube.com/watch?v=VseaNKlYXa8
https://www.youtube.com/watch?v=YEbz2Qt3vec
https://www.youtube.com/watch?v=OybFOQyFd4o
https://www.youtube.com/watch?v=pxxYO7fcFrM
https://www.youtube.com/watch?v=vg6V2UWSjiM
https://www.youtube.com/watch?v=OIf8DsfpjC4
https://www.youtube.com/watch?v=JpL7scu-EmY
https://www.youtube.com/watch?v=FP-IopSHomc
https://www.youtube.com/watch?v=4tZ969oc-yI
https://www.youtube.com/watch?v=HfbRVxO7LEE
https://www.youtube.com/watch?v=BPp4doFEkYE
https://www.youtube.com/watch?v=FpeZsTo5hZw
https://www.youtube.com/watch?v=Fcd8UbutjIg
https://www.youtube.com/watch?v=7AS9r_E0PY4
https://www.youtube.com/watch?v=uItbMBBHFmo
https://www.youtube.com/watch?v=SarW9gtWoao
https://www.youtube.com/watch?v=mhTmOdYysSc
https://www.youtube.com/watch?v=OORBa32WFcM
https://www.youtube.com/watch?v=b-5Ugpc22mE
https://www.youtube.com/watch?v=S2dRcipMCpw
https://www.youtube.com/watch?v=4xvXrJq9Mdc
https://www.youtube.com/watch?v=dcBKEEVna-g
https://www.youtube.com/watch?v=fzeWc3zh01g
https://www.youtube.com/watch?v=66TYJJObd6E
https://www.youtube.com/watch?v=PohpFZZ-bMI
https://www.youtube.com/watch?v=ZTwu9CRnAO0
https://www.youtube.com/watch?v=IyeLRe2vXBY
https://www.youtube.com/watch?v=BWTODUKlVnU
https://www.youtube.com/watch?v=8TsWkuWWXgc
https://www.youtube.com/watch?v=n7VHYBkCbF4
https://www.youtube.com/watch?v=shqlOQ-Kqw0
https://www.youtube.com/watch?v=WwR-jyPHZ4Q
https://www.youtube.com/watch?v=soCmD9b4ros
https://www.youtube.com/watch?v=RUQl6YcMalg
https://www.youtube.com/watch?v=s-ltmarIBP8
https://www.youtube.com/watch?v=BboMpayJomw
https://www.youtube.com/watch?v=J-MX3XDPnd8
https://www.youtube.com/watch?v=1FvEDuWeB4A
https://www.youtube.com/watch?v=0wpBUcYzFG0
https://www.youtube.com/watch?v=Dm9Zf1WYQ_A
https://www.youtube.com/watch?v=ZlvfYmfefSI
https://www.youtube.com/watch?v=-e7wiyNO2us
https://www.youtube.com/watch?v=YLnUNjAq7-w
https://www.youtube.com/watch?v=2I1ZU5g1QNo
https://www.youtube.com/watch?v=GB_S2qFh5lU
https://www.youtube.com/watch?v=7xEjr39yYuo
https://www.youtube.com/watch?v=Q1I3kwHhoUU
https://www.youtube.com/watch?v=EgBJmlPo8Xw
https://www.youtube.com/watch?v=TZP885KZCtQ
https://www.youtube.com/watch?v=Ie2Xv2dD1Bg
https://www.youtube.com/watch?v=MgdG91aCsPU
https://www.youtube.com/watch?v=LZyybvVx-js
https://www.youtube.com/watch?v=dFr0OzL1yWQ
https://www.youtube.com/watch?v=qCTMq7xvdXU
https://www.youtube.com/watch?v=m6AdQLB_19g
https://www.youtube.com/watch?v=Jn1Uwsg3eRQ
https://www.youtube.com/watch?v=cvIiZc6uAXA
https://www.youtube.com/watch?v=4Kv_Gkz4wPc
https://www.youtube.com/watch?v=-PZsSWwc9xA
https://www.youtube.com/watch?v=KRntP-q_R9s
https://www.youtube.com/watch?v=mhmGwTDpPf0
https://www.youtube.com/watch?v=2pnXjQCegVc
https://www.youtube.com/watch?v=kOIVaJgv5zE
https://www.youtube.com/watch?v=9THdV8gBLYk
https://www.youtube.com/watch?v=6nM1lwBB9lY
https://www.youtube.com/watch?v=coLerbRvgsQ
https://www.youtube.com/watch?v=Ms5yMta2p9A
https://www.youtube.com/watch?v=12fXWudE_xU
https://www.youtube.com/watch?v=RVc4kayC9bo
https://www.youtube.com/watch?v=DyDfgMOUjCI
https://www.youtube.com/watch?v=mMX2ohnUgGg
https://www.youtube.com/watch?v=Zm_s6_QTJG0
https://www.youtube.com/watch?v=yaJx0Gj_LCY
https://www.youtube.com/watch?v=kvo_R9eKpVc
https://www.youtube.com/shorts/W2_HBg2km3U
https://www.youtube.com/watch?v=HUHC9tYz8ik
https://www.youtube.com/watch?v=b_em8lNLJXc
https://www.youtube.com/watch?v=0I4fD49Gbck
https://www.youtube.com/watch?v=xXFdnHiGwos
https://www.youtube.com/watch?v=srg3BHdIzZI
https://www.youtube.com/watch?v=CPmAjkREqSw
https://www.youtube.com/watch?v=LIdBaYubK8I
https://www.youtube.com/watch?v=SxoRryWApic
https://www.youtube.com/watch?v=thaqhuAs0Jw
https://www.youtube.com/watch?v=pbMwTqkKSps
https://www.youtube.com/watch?v=b6WNdcZpDhQ
https://www.youtube.com/watch?v=MHNzwtuBTjE
https://www.youtube.com/watch?v=skHbZBsS7hM
https://www.youtube.com/watch?v=BUylm6dq8L0
https://www.youtube.com/watch?v=Ah0Ys50CqO8
https://www.youtube.com/watch?v=6KXAzmFAEKg
https://www.youtube.com/watch?v=i0y7zCaDlzg
https://www.youtube.com/watch?v=1DJuFuKydn0
https://www.youtube.com/watch?v=w5THNKAV5tc
https://www.youtube.com/watch?v=za8Ki4CCXgg
https://www.youtube.com/watch?v=vuXDX8AQFZ8
https://www.youtube.com/watch?v=V1Pl8CzNzCw
https://www.youtube.com/watch?v=wjj2upnfBI0
https://www.youtube.com/watch?v=q--EFDQT9pM
https://www.youtube.com/watch?v=6EZWBhA-Zgo
https://www.youtube.com/watch?v=qpQSjf-0Lc8
https://www.youtube.com/watch?v=U0jmgLaNL-Y
https://www.youtube.com/watch?v=7AocLuDCQjY
https://www.youtube.com/watch?v=QhWE0wvkPnY
https://www.youtube.com/watch?v=-tn2S3kJlyU
https://www.youtube.com/watch?v=BbQlBOHwZz8
https://www.youtube.com/watch?v=9dobJDxPEzM
https://www.youtube.com/watch?v=fD3K8bFvb8U
https://www.youtube.com/watch?v=p8J-SX_5gcs
https://www.youtube.com/watch?v=p9sUkJry_XA
https://www.youtube.com/watch?v=tGHTOVw6F4Q
https://www.youtube.com/watch?v=dVUmSgzgOqs
https://www.youtube.com/watch?v=WnUR3be5Ebk
https://www.youtube.com/watch?v=ebb5AinKxWI
https://www.youtube.com/watch?v=UWAbdiiAOZA
https://www.youtube.com/watch?v=cnGW8NR-toE
https://www.youtube.com/watch?v=EouSUGJ7OLQ
https://www.youtube.com/watch?v=Q2WcdaF8uL8
https://www.youtube.com/watch?v=gBRi6aZJGj4
https://www.youtube.com/watch?v=lVacSI9wTbY
https://www.youtube.com/watch?v=hG4lT4fxj8M
https://www.youtube.com/watch?v=FQ0iq10ULNA
https://www.youtube.com/watch?v=viimfQi_pUw
https://www.youtube.com/watch?v=d--DyK0wtYo
https://www.youtube.com/watch?v=es0Y8ikir1k
https://www.youtube.com/watch?v=AlBc606v06U
https://www.youtube.com/watch?v=UQphbBmXI-E
https://www.youtube.com/watch?v=WyrZYGmoaFM
https://www.youtube.com/watch?v=onT3z0lCZz8
https://www.youtube.com/watch?v=_JGGLJMpVks
https://www.youtube.com/watch?v=1TfDbTGTvcg
https://www.youtube.com/watch?v=H_hgw-V-wBI
https://www.youtube.com/watch?v=77UFV6FaDPo
https://www.youtube.com/watch?v=-1U6jv6SzWY
https://www.youtube.com/watch?v=h6mnfec7bTc
https://www.youtube.com/watch?v=PebrOQm_SZQ
https://www.youtube.com/watch?v=XPfW6mGx1SA
https://www.youtube.com/watch?v=afdZ0kbLwt0
https://www.youtube.com/watch?v=G_BhUxx-cwk
https://www.youtube.com/watch?v=vuhYSH36aSM
https://www.youtube.com/watch?v=_18xpepmbcE
https://www.youtube.com/watch?v=6360FasOvdg
https://www.youtube.com/watch?v=Sjw0eGi-FAU
https://www.youtube.com/watch?v=ZEkfsSms4Q0
https://www.youtube.com/watch?v=INX3MRXG9DM
https://www.youtube.com/watch?v=b_rn7bwD8qQ
https://www.youtube.com/watch?v=27O942403jM
https://www.youtube.com/watch?v=B1q_mxkGUTg
https://www.youtube.com/watch?v=hiCICEx3Egk
https://www.youtube.com/watch?v=kt-BMjO232I
https://www.youtube.com/watch?v=pooDUsGR1n4
https://www.youtube.com/watch?v=i7YvaaAkRCw
https://www.youtube.com/watch?v=5GJWxDKyk3A
https://www.youtube.com/watch?v=geUYm3f6ZA4
https://www.youtube.com/watch?v=fSr85N64BA0
https://www.youtube.com/watch?v=VseaNKlYXa8
https://www.youtube.com/watch?v=YEbz2Qt3vec
https://www.youtube.com/watch?v=OybFOQyFd4o
https://www.youtube.com/watch?v=pxxYO7fcFrM
https://www.youtube.com/watch?v=vg6V2UWSjiM
https://www.youtube.com/watch?v=OIf8DsfpjC4
https://www.youtube.com/watch?v=JpL7scu-EmY
https://www.youtube.com/watch?v=FP-IopSHomc
https://www.youtube.com/watch?v=4tZ969oc-yI
https://www.youtube.com/watch?v=HfbRVxO7LEE
https://www.youtube.com/watch?v=BPp4doFEkYE
https://www.youtube.com/watch?v=FpeZsTo5hZw
https://www.youtube.com/watch?v=Fcd8UbutjIg
https://www.youtube.com/watch?v=7AS9r_E0PY4
https://www.youtube.com/watch?v=uItbMBBHFmo
https://www.youtube.com/watch?v=SarW9gtWoao
https://www.youtube.com/watch?v=mhTmOdYysSc
https://www.youtube.com/watch?v=OORBa32WFcM
https://www.youtube.com/watch?v=b-5Ugpc22mE
https://www.youtube.com/watch?v=S2dRcipMCpw
https://www.youtube.com/watch?v=4xvXrJq9Mdc
https://www.youtube.com/watch?v=dcBKEEVna-g
https://www.youtube.com/watch?v=fzeWc3zh01g
https://www.youtube.com/watch?v=66TYJJObd6E
https://www.youtube.com/watch?v=PohpFZZ-bMI
https://www.youtube.com/watch?v=ZTwu9CRnAO0
https://www.youtube.com/watch?v=IyeLRe2vXBY
https://www.youtube.com/watch?v=BWTODUKlVnU
https://www.youtube.com/watch?v=8TsWkuWWXgc
https://www.youtube.com/watch?v=n7VHYBkCbF4
https://www.youtube.com/watch?v=shqlOQ-Kqw0
https://www.youtube.com/watch?v=WwR-jyPHZ4Q
https://www.youtube.com/watch?v=soCmD9b4ros
https://www.youtube.com/watch?v=RUQl6YcMalg
https://www.youtube.com/watch?v=s-ltmarIBP8
https://www.youtube.com/watch?v=BboMpayJomw
https://www.youtube.com/watch?v=J-MX3XDPnd8
https://www.youtube.com/watch?v=1FvEDuWeB4A
https://www.youtube.com/watch?v=0wpBUcYzFG0
https://www.youtube.com/watch?v=Dm9Zf1WYQ_A
https://www.youtube.com/watch?v=ZlvfYmfefSI
https://www.youtube.com/watch?v=-e7wiyNO2us
https://www.youtube.com/watch?v=YLnUNjAq7-w
https://www.youtube.com/watch?v=2I1ZU5g1QNo
https://www.youtube.com/watch?v=GB_S2qFh5lU
https://www.youtube.com/watch?v=7xEjr39yYuo
https://www.youtube.com/watch?v=Q1I3kwHhoUU
https://www.youtube.com/watch?v=EgBJmlPo8Xw
https://www.youtube.com/watch?v=TZP885KZCtQ
https://www.youtube.com/watch?v=Ie2Xv2dD1Bg
https://www.youtube.com/watch?v=MgdG91aCsPU
https://www.youtube.com/watch?v=LZyybvVx-js
https://www.youtube.com/watch?v=dFr0OzL1yWQ
https://www.youtube.com/watch?v=qCTMq7xvdXU
https://www.youtube.com/watch?v=m6AdQLB_19g
https://www.youtube.com/watch?v=Jn1Uwsg3eRQ
https://www.youtube.com/watch?v=cvIiZc6uAXA
https://www.youtube.com/watch?v=4Kv_Gkz4wPc
https://www.youtube.com/watch?v=-PZsSWwc9xA
https://www.youtube.com/watch?v=KRntP-q_R9s
https://www.youtube.com/watch?v=mhmGwTDpPf0
https://www.youtube.com/watch?v=2pnXjQCegVc
https://www.youtube.com/watch?v=kOIVaJgv5zE
https://www.youtube.com/watch?v=9THdV8gBLYk
https://www.youtube.com/watch?v=6nM1lwBB9lY
https://www.youtube.com/watch?v=coLerbRvgsQ
https://www.youtube.com/watch?v=Ms5yMta2p9A
https://www.youtube.com/watch?v=12fXWudE_xU
https://www.youtube.com/watch?v=RVc4kayC9bo
https://www.youtube.com/watch?v=DyDfgMOUjCI
https://www.youtube.com/watch?v=mMX2ohnUgGg
https://www.youtube.com/watch?v=Zm_s6_QTJG0
https://www.youtube.com/watch?v=yaJx0Gj_LCY
https://www.youtube.com/watch?v=kvo_R9eKpVc
https://www.youtube.com/shorts/W2_HBg2km3U
https://www.youtube.com/watch?v=HUHC9tYz8ik
https://www.youtube.com/watch?v=b_em8lNLJXc
https://www.youtube.com/watch?v=0I4fD49Gbck
https://www.youtube.com/watch?v=xXFdnHiGwos
https://www.youtube.com/watch?v=srg3BHdIzZI
https://www.youtube.com/watch?v=CPmAjkREqSw
https://www.youtube.com/watch?v=LIdBaYubK8I
https://www.youtube.com/watch?v=SxoRryWApic
https://www.youtube.com/watch?v=thaqhuAs0Jw
https://www.youtube.com/watch?v=pbMwTqkKSps
https://www.youtube.com/watch?v=b6WNdcZpDhQ
https://www.youtube.com/watch?v=MHNzwtuBTjE
https://www.youtube.com/watch?v=skHbZBsS7hM
https://www.youtube.com/watch?v=BUylm6dq8L0
https://www.youtube.com/watch?v=Ah0Ys50CqO8
https://www.youtube.com/watch?v=6KXAzmFAEKg
https://www.youtube.com/watch?v=i0y7zCaDlzg
https://www.youtube.com/watch?v=1DJuFuKydn0
https://www.youtube.com/watch?v=w5THNKAV5tc
https://www.youtube.com/watch?v=za8Ki4CCXgg
https://www.youtube.com/watch?v=vuXDX8AQFZ8
https://www.youtube.com/watch?v=V1Pl8CzNzCw
https://www.youtube.com/watch?v=wjj2upnfBI0
https://www.youtube.com/watch?v=q--EFDQT9pM
https://www.youtube.com/watch?v=6EZWBhA-Zgo
https://www.youtube.com/watch?v=qpQSjf-0Lc8
https://www.youtube.com/watch?v=U0jmgLaNL-Y
https://www.youtube.com/watch?v=7AocLuDCQjY
https://www.youtube.com/watch?v=QhWE0wvkPnY
https://www.youtube.com/watch?v=-tn2S3kJlyU
https://www.youtube.com/watch?v=BbQlBOHwZz8
https://www.youtube.com/watch?v=9dobJDxPEzM
https://www.youtube.com/watch?v=fD3K8bFvb8U
https://www.youtube.com/watch?v=p8J-SX_5gcs
https://www.youtube.com/watch?v=p9sUkJry_XA
https://www.youtube.com/watch?v=tGHTOVw6F4Q
https://www.youtube.com/watch?v=dVUmSgzgOqs
https://www.youtube.com/watch?v=WnUR3be5Ebk
https://www.youtube.com/watch?v=ebb5AinKxWI
https://www.youtube.com/watch?v=UWAbdiiAOZA
https://www.youtube.com/watch?v=cnGW8NR-toE
https://www.youtube.com/watch?v=EouSUGJ7OLQ
https://www.youtube.com/watch?v=Q2WcdaF8uL8
https://www.youtube.com/watch?v=gBRi6aZJGj4
https://www.youtube.com/watch?v=lVacSI9wTbY
https://www.youtube.com/watch?v=hG4lT4fxj8M
https://www.youtube.com/watch?v=FQ0iq10ULNA
https://www.youtube.com/watch?v=viimfQi_pUw
https://www.youtube.com/watch?v=d--DyK0wtYo
https://www.youtube.com/watch?v=es0Y8ikir1k
https://www.youtube.com/watch?v=AlBc606v06U
https://www.youtube.com/watch?v=UQphbBmXI-E
https://www.youtube.com/watch?v=WyrZYGmoaFM
https://www.youtube.com/watch?v=onT3z0lCZz8
https://www.youtube.com/watch?v=_JGGLJMpVks
https://www.youtube.com/watch?v=1TfDbTGTvcg
https://www.youtube.com/watch?v=H_hgw-V-wBI
https://www.youtube.com/watch?v=77UFV6FaDPo
https://www.youtube.com/watch?v=-1U6jv6SzWY
https://www.youtube.com/watch?v=h6mnfec7bTc
https://www.youtube.com/watch?v=PebrOQm_SZQ
https://www.youtube.com/watch?v=XPfW6mGx1SA
https://www.youtube.com/watch?v=afdZ0kbLwt0
https://www.youtube.com/watch?v=G_BhUxx-cwk
https://www.youtube.com/watch?v=vuhYSH36aSM
https://www.youtube.com/watch?v=_18xpepmbcE
https://www.youtube.com/watch?v=6360FasOvdg
https://www.youtube.com/watch?v=Sjw0eGi-FAU
https://www.youtube.com/watch?v=ZEkfsSms4Q0
https://www.youtube.com/watch?v=INX3MRXG9DM
https://www.youtube.com/watch?v=b_rn7bwD8qQ
https://www.youtube.com/watch?v=27O942403jM
https://www.youtube.com/watch?v=B1q_mxkGUTg
https://www.youtube.com/watch?v=hiCICEx3Egk
https://www.youtube.com/watch?v=kt-BMjO232I
https://www.youtube.com/watch?v=pooDUsGR1n4
https://www.youtube.com/watch?v=i7YvaaAkRCw
https://www.youtube.com/watch?v=5GJWxDKyk3A
https://www.youtube.com/watch?v=geUYm3f6ZA4
https://www.youtube.com/watch?v=fSr85N64BA0
https://www.youtube.com/watch?v=VseaNKlYXa8
https://www.youtube.com/watch?v=YEbz2Qt3vec
https://www.youtube.com/watch?v=OybFOQyFd4o
https://www.youtube.com/watch?v=pxxYO7fcFrM
https://www.youtube.com/watch?v=vg6V2UWSjiM
https://www.youtube.com/watch?v=OIf8DsfpjC4
https://www.youtube.com/watch?v=JpL7scu-EmY
https://www.youtube.com/watch?v=FP-IopSHomc
https://www.youtube.com/watch?v=4tZ969oc-yI
https://www.youtube.com/watch?v=HfbRVxO7LEE
https://www.youtube.com/watch?v=BPp4doFEkYE
https://www.youtube.com/watch?v=FpeZsTo5hZw
https://www.youtube.com/watch?v=Fcd8UbutjIg
https://www.youtube.com/watch?v=7AS9r_E0PY4
https://www.youtube.com/watch?v=uItbMBBHFmo
https://www.youtube.com/watch?v=SarW9gtWoao
https://www.youtube.com/watch?v=mhTmOdYysSc
https://www.youtube.com/watch?v=OORBa32WFcM
https://www.youtube.com/watch?v=b-5Ugpc22mE
https://www.youtube.com/watch?v=S2dRcipMCpw
https://www.youtube.com/watch?v=4xvXrJq9Mdc
https://www.youtube.com/watch?v=dcBKEEVna-g
https://www.youtube.com/watch?v=fzeWc3zh01g
https://www.youtube.com/watch?v=66TYJJObd6E
https://www.youtube.com/watch?v=PohpFZZ-bMI
https://www.youtube.com/watch?v=ZTwu9CRnAO0
https://www.youtube.com/watch?v=IyeLRe2vXBY
https://www.youtube.com/watch?v=BWTODUKlVnU
https://www.youtube.com/watch?v=8TsWkuWWXgc
https://www.youtube.com/watch?v=n7VHYBkCbF4
https://www.youtube.com/watch?v=shqlOQ-Kqw0
https://www.youtube.com/watch?v=WwR-jyPHZ4Q
https://www.youtube.com/watch?v=soCmD9b4ros
https://www.youtube.com/watch?v=RUQl6YcMalg
https://www.youtube.com/watch?v=s-ltmarIBP8
https://www.youtube.com/watch?v=BboMpayJomw
https://www.youtube.com/watch?v=J-MX3XDPnd8
https://www.youtube.com/watch?v=1FvEDuWeB4A
https://www.youtube.com/watch?v=0wpBUcYzFG0
https://www.youtube.com/watch?v=Dm9Zf1WYQ_A
https://www.youtube.com/watch?v=ZlvfYmfefSI
https://www.youtube.com/watch?v=-e7wiyNO2us
https://www.youtube.com/watch?v=YLnUNjAq7-w
https://www.youtube.com/watch?v=2I1ZU5g1QNo
https://www.youtube.com/watch?v=GB_S2qFh5lU
https://www.youtube.com/watch?v=7xEjr39yYuo
https://www.youtube.com/watch?v=Q1I3kwHhoUU
https://www.youtube.com/watch?v=EgBJmlPo8Xw
https://www.youtube.com/watch?v=TZP885KZCtQ
https://www.youtube.com/watch?v=Ie2Xv2dD1Bg
https://www.youtube.com/watch?v=MgdG91aCsPU
https://www.youtube.com/watch?v=LZyybvVx-js
https://www.youtube.com/watch?v=dFr0OzL1yWQ
https://www.youtube.com/watch?v=qCTMq7xvdXU
https://www.youtube.com/watch?v=m6AdQLB_19g
https://www.youtube.com/watch?v=Jn1Uwsg3eRQ
https://www.youtube.com/watch?v=cvIiZc6uAXA
https://www.youtube.com/watch?v=4Kv_Gkz4wPc
https://www.youtube.com/watch?v=-PZsSWwc9xA
https://www.youtube.com/watch?v=KRntP-q_R9s
https://www.youtube.com/watch?v=mhmGwTDpPf0
https://www.youtube.com/watch?v=2pnXjQCegVc
https://www.youtube.com/watch?v=kOIVaJgv5zE
https://www.youtube.com/watch?v=9THdV8gBLYk
https://www.youtube.com/watch?v=6nM1lwBB9lY
https://www.youtube.com/watch?v=coLerbRvgsQ
https://www.youtube.com/watch?v=Ms5yMta2p9A
https://www.youtube.com/watch?v=12fXWudE_xU
https://www.youtube.com/watch?v=RVc4kayC9bo
https://www.youtube.com/watch?v=DyDfgMOUjCI
https://www.youtube.com/watch?v=mMX2ohnUgGg
https://www.youtube.com/watch?v=Zm_s6_QTJG0
https://www.youtube.com/watch?v=yaJx0Gj_LCY
https://www.youtube.com/watch?v=kvo_R9eKpVc
https://www.youtube.com/shorts/W2_HBg2km3U
https://www.youtube.com/watch?v=HUHC9tYz8ik
https://www.youtube.com/watch?v=b_em8lNLJXc
https://www.youtube.com/watch?v=0I4fD49Gbck
https://www.youtube.com/watch?v=xXFdnHiGwos
https://www.youtube.com/watch?v=srg3BHdIzZI
https://www.youtube.com/watch?v=CPmAjkREqSw
https://www.youtube.com/watch?v=LIdBaYubK8I
https://www.youtube.com/watch?v=SxoRryWApic
https://www.youtube.com/watch?v=thaqhuAs0Jw
https://www.youtube.com/watch?v=pbMwTqkKSps
https://www.youtube.com/watch?v=b6WNdcZpDhQ
https://www.youtube.com/watch?v=MHNzwtuBTjE
https://www.youtube.com/watch?v=skHbZBsS7hM
https://www.youtube.com/watch?v=BUylm6dq8L0
https://www.youtube.com/watch?v=Ah0Ys50CqO8
https://www.youtube.com/watch?v=6KXAzmFAEKg
https://www.youtube.com/watch?v=i0y7zCaDlzg
https://www.youtube.com/watch?v=1DJuFuKydn0
https://www.youtube.com/watch?v=w5THNKAV5tc
https://www.youtube.com/watch?v=za8Ki4CCXgg
https://www.youtube.com/watch?v=vuXDX8AQFZ8
https://www.youtube.com/watch?v=V1Pl8CzNzCw
https://www.youtube.com/watch?v=wjj2upnfBI0
https://www.youtube.com/watch?v=q--EFDQT9pM
https://www.youtube.com/watch?v=6EZWBhA-Zgo
https://www.youtube.com/watch?v=qpQSjf-0Lc8
https://www.youtube.com/watch?v=U0jmgLaNL-Y
https://www.youtube.com/watch?v=7AocLuDCQjY
https://www.youtube.com/watch?v=QhWE0wvkPnY
https://www.youtube.com/watch?v=-tn2S3kJlyU
https://www.youtube.com/watch?v=BbQlBOHwZz8
https://www.youtube.com/watch?v=9dobJDxPEzM
https://www.youtube.com/watch?v=fD3K8bFvb8U
https://www.youtube.com/watch?v=p8J-SX_5gcs
https://www.youtube.com/watch?v=p9sUkJry_XA
https://www.youtube.com/watch?v=tGHTOVw6F4Q
https://www.youtube.com/watch?v=dVUmSgzgOqs
https://www.youtube.com/watch?v=WnUR3be5Ebk
https://www.youtube.com/watch?v=ebb5AinKxWI
https://www.youtube.com/watch?v=UWAbdiiAOZA
https://www.youtube.com/watch?v=cnGW8NR-toE
https://www.youtube.com/watch?v=EouSUGJ7OLQ
https://www.youtube.com/watch?v=Q2WcdaF8uL8
https://www.youtube.com/watch?v=gBRi6aZJGj4
https://www.youtube.com/watch?v=lVacSI9wTbY
https://www.youtube.com/watch?v=hG4lT4fxj8M
https://www.youtube.com/watch?v=FQ0iq10ULNA
https://www.youtube.com/watch?v=viimfQi_pUw
https://www.youtube.com/watch?v=d--DyK0wtYo
https://www.youtube.com/watch?v=es0Y8ikir1k
