Title,Singer,Views,Upload Date,Likes,Song_time,Links
Billie Eilish - I Didn’t Change My Number (Apple Music Live 2022),,"814,636 views",01-Oct-22,72K,2:37,https://www.youtube.com/watch?v=AlBc606v06U
Billie Eilish - I Didn’t Change My Number (Apple Music Live 2022),,"814,781 views",01-Oct-22,72K,2:37,https://www.youtube.com/watch?v=AlBc606v06U
"Billie Eilish - TV (Live from the Cloud Forest, Singapore)",,"1,450,120 views",21-Sep-22,110K,4:25,https://www.youtube.com/watch?v=UQphbBmXI-E
Billie Eilish - I Didn’t Change My Number (Apple Music Live 2022),Billie Eilish,"814,849 views",01-Oct-22,72K,2:37,https://www.youtube.com/watch?v=AlBc606v06U
"Billie Eilish - TV (Live from the Cloud Forest, Singapore)",Billie Eilish,"1,450,374 views",21-Sep-22,110K,4:25,https://www.youtube.com/watch?v=UQphbBmXI-E
"Billie Eilish - The 30th (Live from the Cloud Forest, Singapore)",Billie Eilish,"1,225,035 views",21-Sep-22,111K,3:28,https://www.youtube.com/watch?v=WyrZYGmoaFM
Billie Eilish - The 30th (Official Lyric Video),Billie Eilish,"8,125,681 views",21-Jul-22,417K,3:37,https://www.youtube.com/watch?v=onT3z0lCZz8
Billie Eilish - TV (Official Lyric Video),Billie Eilish,"8,841,667 views",21-Jul-22,369K,4:42,https://www.youtube.com/watch?v=_JGGLJMpVks
Billie Eilish - NDA (Live at Coachella 2022),Billie Eilish,"2,880,015 views",30-Apr-22,163K,3:10,https://www.youtube.com/watch?v=1TfDbTGTvcg
Billie Eilish - Happier Than Ever (64th GRAMMY Awards Performance),Billie Eilish,"17,020,690 views",19-Apr-22,585K,5:12,https://www.youtube.com/watch?v=H_hgw-V-wBI
"Billie Eilish, FINNEAS - No Time To Die (Live From The Oscars 2022)",Billie Eilish,"7,866,609 views",29-Mar-22,378K,4:17,https://www.youtube.com/watch?v=77UFV6FaDPo
"Billie Eilish - Happier Than Ever, The World Tour (Road to Opening Night)",Billie Eilish,"2,031,719 views",03-Mar-22,183K,12:32,https://www.youtube.com/watch?v=-1U6jv6SzWY
Billie Eilish - Billie Bossa Nova (Official Live Performance) | Vevo,Billie Eilish,"6,903,351 views",13-Jan-22,303K,3:22,https://www.youtube.com/watch?v=h6mnfec7bTc
Billie Eilish - Billie Bossa Nova (Acoustic),Billie Eilish,"7,379,596 views",20-Dec-21,415K,3:00,https://www.youtube.com/watch?v=PebrOQm_SZQ
Billie Eilish - Happier Than Ever (Saturday Night Live/2021),Billie Eilish,"6,716,076 views",12-Dec-21,371K,5:06,https://www.youtube.com/watch?v=XPfW6mGx1SA
Billie Eilish - Male Fantasy (Saturday Night Live/2021),Billie Eilish,"2,015,651 views",12-Dec-21,118K,3:23,https://www.youtube.com/watch?v=afdZ0kbLwt0
Billie Eilish - Male Fantasy (Official Music Video),Billie Eilish,"17,367,990 views",Premiered on 6 Dec 2021,798K,3:39,https://www.youtube.com/watch?v=G_BhUxx-cwk
Billie Eilish - Lost Cause (Official Live Performance) | Vevo,Billie Eilish,"3,406,927 views",21-Oct-21,166K,3:34,https://www.youtube.com/watch?v=vuhYSH36aSM
Billie Eilish - Happier Than Ever (Track By Track),Billie Eilish,"2,658,750 views",19-Oct-21,132K,8:12,https://www.youtube.com/watch?v=_18xpepmbcE
Billie Eilish - Happier Than Ever (Jimmy Kimmel Live 2021),Billie Eilish,"3,777,542 views",15-Oct-21,245K,5:07,https://www.youtube.com/watch?v=6360FasOvdg
Billie Eilish - No Time To Die (Live From Life Is Beautiful 2021),Billie Eilish,"2,586,036 views",28-Sep-21,183K,4:00,https://www.youtube.com/watch?v=Sjw0eGi-FAU
Billie Eilish - Billie Bossa Nova (TIME ABC Performance 2021),Billie Eilish,"4,870,300 views",21-Sep-21,202K,2:58,https://www.youtube.com/watch?v=ZEkfsSms4Q0
Billie Eilish - Getting Older (TIME ABC Performance 2021),Billie Eilish,"4,640,098 views",21-Sep-21,151K,4:21,https://www.youtube.com/watch?v=INX3MRXG9DM
Billie Eilish - Happier Than Ever (From Disney’s Happier Than Ever: A Love Letter To LA),Billie Eilish,"24,196,259 views",10-Sep-21,607K,4:56,https://www.youtube.com/watch?v=b_rn7bwD8qQ
Billie Eilish - Oxytocin (From Disney’s Happier Than Ever: A Love Letter To LA),Billie Eilish,"6,178,304 views",31-Aug-21,299K,4:02,https://www.youtube.com/watch?v=27O942403jM
Happier Than Ever: A Love Letter To Los Angeles - Official Trailer | Billie Eilish on Disney+,Billie Eilish,"1,591,346 views",24-Aug-21,155K,1:55,https://www.youtube.com/watch?v=B1q_mxkGUTg
Billie Eilish - Happier Than Ever in Spatial Audio on Apple Music,Billie Eilish,"1,899,441 views",11-Aug-21,154K,1:29,https://www.youtube.com/watch?v=hiCICEx3Egk
Billie Eilish - Happier Than Ever (Live From The Tonight Show Starring Jimmy Fallon/2021),Billie Eilish,"18,461,584 views",10-Aug-21,802K,5:02,https://www.youtube.com/watch?v=kt-BMjO232I
Billie Eilish - Happier Than Ever (Making Of The Video),Billie Eilish,"3,127,536 views",06-Aug-21,317K,4:14,https://www.youtube.com/watch?v=pooDUsGR1n4
Billie Eilish - Male Fantasy (Official Live Performance) | Vevo,Billie Eilish,"3,962,880 views",04-Aug-21,240K,3:17,https://www.youtube.com/watch?v=i7YvaaAkRCw
Billie Eilish - Happier Than Ever (Official Music Video),Billie Eilish,"243,763,075 views",Premiered on 30 Jul 2021,5.4M,5:16,https://www.youtube.com/watch?v=5GJWxDKyk3A
Billie Eilish - Halley’s Comet (Official Lyric Video),Billie Eilish,"11,388,912 views",30-Jul-21,281K,3:55,https://www.youtube.com/watch?v=geUYm3f6ZA4
Billie Eilish - Therefore I Am (Official Lyric Video),Billie Eilish,"1,547,194 views",30-Jul-21,90K,2:54,https://www.youtube.com/watch?v=fSr85N64BA0
Billie Eilish - NDA (Official Lyric Video),Billie Eilish,"2,069,226 views",30-Jul-21,93K,3:16,https://www.youtube.com/watch?v=VseaNKlYXa8
Billie Eilish - Happier Than Ever (Official Lyric Video),Billie Eilish,"47,802,343 views",30-Jul-21,763K,4:59,https://www.youtube.com/watch?v=YEbz2Qt3vec
Billie Eilish - Lost Cause (Official Lyric Video),Billie Eilish,"3,361,278 views",30-Jul-21,92K,3:33,https://www.youtube.com/watch?v=OybFOQyFd4o
Billie Eilish - Male Fantasy (Official Lyric Video),Billie Eilish,"4,830,669 views",30-Jul-21,186K,3:15,https://www.youtube.com/watch?v=pxxYO7fcFrM
Billie Eilish - OverHeated (Official Lyric Video),Billie Eilish,"6,039,231 views",30-Jul-21,175K,3:35,https://www.youtube.com/watch?v=vg6V2UWSjiM
Billie Eilish - Not My Responsibility (Official Lyric Video),Billie Eilish,"1,666,413 views",30-Jul-21,123K,3:48,https://www.youtube.com/watch?v=OIf8DsfpjC4
Billie Eilish - GOLDWING (Official Lyric Video),Billie Eilish,"5,902,407 views",30-Jul-21,177K,2:32,https://www.youtube.com/watch?v=JpL7scu-EmY
Billie Eilish - I Didn’t Change My Number (Official Lyric Video),Billie Eilish,"12,273,467 views",30-Jul-21,300K,2:39,https://www.youtube.com/watch?v=FP-IopSHomc
Billie Eilish - Billie Bossa Nova (Official Lyric Video),Billie Eilish,"17,033,549 views",30-Jul-21,351K,3:17,https://www.youtube.com/watch?v=4tZ969oc-yI
Billie Eilish - my future (Official Lyric Video),Billie Eilish,"864,681 views",30-Jul-21,65K,3:31,https://www.youtube.com/watch?v=HfbRVxO7LEE
Billie Eilish - Your Power (Official Lyric Video),Billie Eilish,"1,409,872 views",30-Jul-21,83K,4:06,https://www.youtube.com/watch?v=BPp4doFEkYE
Billie Eilish - Everybody Dies (Official Lyric Video),Billie Eilish,"5,933,594 views",30-Jul-21,205K,3:27,https://www.youtube.com/watch?v=FpeZsTo5hZw
Billie Eilish - Oxytocin (Official Lyric Video),Billie Eilish,"13,442,246 views",30-Jul-21,362K,3:31,https://www.youtube.com/watch?v=Fcd8UbutjIg
Billie Eilish - Getting Older (Official Lyric Video),Billie Eilish,"16,769,932 views",30-Jul-21,400K,4:05,https://www.youtube.com/watch?v=7AS9r_E0PY4
Billie Eilish - Happier Than Ever (Official Vevo Interview),Billie Eilish,"2,205,367 views",21-Jul-21,215K,4:07,https://www.youtube.com/watch?v=uItbMBBHFmo
Billie Eilish - Your Power (Official Live Performance) | Vevo,Billie Eilish,"4,104,542 views",18-Jul-21,251K,3:58,https://www.youtube.com/watch?v=SarW9gtWoao
Billie Eilish - NDA (Live),Billie Eilish,"4,648,967 views",16-Jul-21,319K,3:19,https://www.youtube.com/watch?v=mhTmOdYysSc
Billie Eilish - NDA (Official Music Video),Billie Eilish,"54,003,376 views",Premiered on 9 Jul 2021,1.8M,3:37,https://www.youtube.com/watch?v=OORBa32WFcM
Billie Eilish - my future (Prime Day Show x Billie Eilish),Billie Eilish,"5,377,709 views",18-Jun-21,493K,3:17,https://www.youtube.com/watch?v=b-5Ugpc22mE
Billie Eilish - Lost Cause (Official Music Video),Billie Eilish,"99,787,143 views",Premiered on 2 Jun 2021,3.3M,3:49,https://www.youtube.com/watch?v=S2dRcipMCpw
"Happier Than Ever, The World Tour",Billie Eilish,"3,958,104 views",21-May-21,419K,0:33,https://www.youtube.com/watch?v=4xvXrJq9Mdc
Billie Eilish - Your Power (Live On The Late Show with Stephen Colbert/2021),Billie Eilish,"8,679,151 views",11-May-21,561K,3:56,https://www.youtube.com/watch?v=dcBKEEVna-g
Billie Eilish - Your Power (Official Music Video),Billie Eilish,"123,950,808 views",29-Apr-21,3.8M,4:23,https://www.youtube.com/watch?v=fzeWc3zh01g
Happier Than Ever,Billie Eilish,"13,947,670 views",26-Apr-21,1.4M,0:15,https://www.youtube.com/watch?v=66TYJJObd6E
"Billie Eilish: ""The World’s A Little Blurry"" - Live Premiere Event",Billie Eilish,"4,186,436 views",28-Feb-21,331K,45:52:00,https://www.youtube.com/watch?v=PohpFZZ-bMI
Billie Eilish - ilomilo (Live From The Film – Billie Eilish: The World’s A Little Blurry),Billie Eilish,"7,378,989 views",22-Feb-21,492K,2:45,https://www.youtube.com/watch?v=ZTwu9CRnAO0
Billie Eilish - The Making of 'Therefore I Am' | Vevo Footnotes,Billie Eilish,"4,013,456 views",05-Feb-21,251K,4:42,https://www.youtube.com/watch?v=IyeLRe2vXBY
Billie Eilish: The World’s A Little Blurry — Official Trailer #2 | Apple TV+,Billie Eilish,"2,737,582 views",02-Feb-21,269K,2:17,https://www.youtube.com/watch?v=BWTODUKlVnU
"Billie Eilish, ROSALÍA - Lo Vas A Olvidar (Official Music Video)",Billie Eilish,"67,841,946 views",Premiered on 21 Jan 2021,2.7M,3:53,https://www.youtube.com/watch?v=8TsWkuWWXgc
Billie Eilish: The World’s A Little Blurry - Official Trailer | Apple TV+,Billie Eilish,"4,494,949 views",15-Dec-20,427K,1:55,https://www.youtube.com/watch?v=n7VHYBkCbF4
Billie Eilish - Therefore I Am (Live From The ARIAS),Billie Eilish,"7,469,685 views",08-Dec-20,527K,3:07,https://www.youtube.com/watch?v=shqlOQ-Kqw0
Billie Eilish - everything i wanted (LIVE FROM THE STEVE JOBS THEATER),Billie Eilish,"5,131,238 views",04-Dec-20,437K,4:12,https://www.youtube.com/watch?v=WwR-jyPHZ4Q
Billie Eilish - Therefore I Am (Live from the American Music Awards / 2020),Billie Eilish,"17,981,211 views",24-Nov-20,1M,2:52,https://www.youtube.com/watch?v=soCmD9b4ros
Billie Eilish - Therefore I Am (Official Music Video),Billie Eilish,"211,697,068 views",Premiered on 12 Nov 2020,7M,4:59,https://www.youtube.com/watch?v=RUQl6YcMalg
No Time To Die (Live from The Tonight Show Starring Jimmy Fallon from James Bond Day),Billie Eilish,"11,876,154 views",06-Oct-20,551K,4:05,https://www.youtube.com/watch?v=s-ltmarIBP8
Billie Eilish - No Time To Die,Billie Eilish,"89,868,816 views",Premiered on 1 Oct 2020,2.3M,4:00,https://www.youtube.com/watch?v=BboMpayJomw
Billie Eilish: The World’s A Little Blurry – A Documentary Film,Billie Eilish,"2,194,229 views",28-Sep-20,272K,0:31,https://www.youtube.com/watch?v=J-MX3XDPnd8
Billie Eilish - my future (Live),Billie Eilish,"16,698,980 views",20-Aug-20,950K,3:27,https://www.youtube.com/watch?v=1FvEDuWeB4A
REGISTER TO VOTE,Billie Eilish,"2,563,636 views",20-Aug-20,Like,0:49,https://www.youtube.com/watch?v=0wpBUcYzFG0
Billie Eilish - my future,Billie Eilish,"112,492,646 views",31-Jul-20,4M,3:50,https://www.youtube.com/watch?v=Dm9Zf1WYQ_A
Billie Eilish - NOT MY RESPONSIBILITY - a short film,Billie Eilish,"37,343,604 views",27-May-20,2.8M,3:42,https://www.youtube.com/watch?v=ZlvfYmfefSI
Billie Eilish - ilomilo (Audio),Billie Eilish,"52,604,753 views",24-Apr-20,1.6M,2:37,https://www.youtube.com/watch?v=-e7wiyNO2us
Billie Eilish - when the party’s over (Live at Coachella 2019),Billie Eilish,"5,309,407 views",14-Apr-20,339K,3:18,https://www.youtube.com/watch?v=YLnUNjAq7-w
"Billie Eilish - No Time To Die (Live From The BRIT Awards, London)",Billie Eilish,"37,372,373 views",19-Feb-20,1.1M,4:15,https://www.youtube.com/watch?v=2I1ZU5g1QNo
Billie Eilish - No Time To Die (Audio),Billie Eilish,"116,685,723 views",14-Feb-20,2.4M,4:04,https://www.youtube.com/watch?v=GB_S2qFh5lU
Billie Eilish - you should see me in a crown (Live From Austin City Limits),Billie Eilish,"7,467,789 views",31-Jan-20,352K,3:29,https://www.youtube.com/watch?v=7xEjr39yYuo
Billie Eilish - bad guy (Live From Austin City Limits),Billie Eilish,"7,141,838 views",31-Jan-20,324K,3:08,https://www.youtube.com/watch?v=Q1I3kwHhoUU
Billie Eilish - everything i wanted,Billie Eilish,"300,821,386 views",24-Jan-20,5.1M,4:48,https://www.youtube.com/watch?v=EgBJmlPo8Xw
Billie Eilish - come out and play (LIVE FROM THE STEVE JOBS THEATER),Billie Eilish,"2,906,018 views",20-Dec-19,159K,3:32,https://www.youtube.com/watch?v=TZP885KZCtQ
Billie Eilish - listen before i go (LIVE FROM THE STEVE JOBS THEATER),Billie Eilish,"9,613,266 views",20-Dec-19,345K,4:32,https://www.youtube.com/watch?v=Ie2Xv2dD1Bg
Billie Eilish - everything i wanted (LIVE FROM MEXICO CITY),Billie Eilish,"20,819,089 views",12-Dec-19,622K,4:14,https://www.youtube.com/watch?v=MgdG91aCsPU
Billie Eilish - xanny,Billie Eilish,"109,812,746 views",05-Dec-19,3.6M,4:26,https://www.youtube.com/watch?v=LZyybvVx-js
Billie Eilish - all the good girls go to hell (Live From The American Music Awards/2019),Billie Eilish,"41,527,435 views",26-Nov-19,1.1M,3:11,https://www.youtube.com/watch?v=dFr0OzL1yWQ
Billie Eilish - everything i wanted (Audio),Billie Eilish,"189,659,175 views",Premiered on 14 Nov 2019,2.8M,4:07,https://www.youtube.com/watch?v=qCTMq7xvdXU
Billie Eilish - i love you (Live From Saturday Night Live),Billie Eilish,"8,195,199 views",29-Sep-19,246K,5:10,https://www.youtube.com/watch?v=m6AdQLB_19g
Billie Eilish - bad guy (Live From Saturday Night Live),Billie Eilish,"8,292,271 views",29-Sep-19,259K,3:37,https://www.youtube.com/watch?v=Jn1Uwsg3eRQ
Our House Is On Fire,Billie Eilish,"5,529,681 views",28-Sep-19,439K,1:17,https://www.youtube.com/watch?v=cvIiZc6uAXA
WHERE DO WE GO? WORLD TOUR,Billie Eilish,"1,374,610 views",27-Sep-19,161K,0:31,https://www.youtube.com/watch?v=4Kv_Gkz4wPc
Billie Eilish - all the good girls go to hell,Billie Eilish,"216,132,113 views",Premiered on 4 Sept 2019,5.8M,3:42,https://www.youtube.com/watch?v=-PZsSWwc9xA
Billie Eilish - bad guy (Vertical Video),Billie Eilish,"22,916,495 views",16-Aug-19,1M,3:13,https://www.youtube.com/watch?v=KRntP-q_R9s
Billie Eilish - i love you (Live At The Greek Theatre),Billie Eilish,"48,101,774 views",12-Aug-19,977K,5:00,https://www.youtube.com/watch?v=mhmGwTDpPf0
Billie Eilish - bad guy (with Justin Bieber) [Audio],Billie Eilish,"46,595,445 views",12-Jul-19,2M,3:15,https://www.youtube.com/watch?v=2pnXjQCegVc
Billie Eilish - A Snippet into Billie's Mind (Artist Spotlight Stories),Billie Eilish,"25,533,130 views",29-May-19,335K,6:34,https://www.youtube.com/watch?v=kOIVaJgv5zE
Billie Eilish - bad guy (Live),Billie Eilish,"16,778,934 views",07-May-19,427K,3:25,https://www.youtube.com/watch?v=9THdV8gBLYk
Billie Eilish - wish you were gay (Live),Billie Eilish,"28,168,825 views",29-Apr-19,769K,4:13,https://www.youtube.com/watch?v=6nM1lwBB9lY
Billie Eilish - you should see me in a crown (Official Video By Takashi Murakami),Billie Eilish,"97,624,138 views",17-Apr-19,2.6M,3:13,https://www.youtube.com/watch?v=coLerbRvgsQ
A Snippet into Billie's Mind - xanny,Billie Eilish,"4,765,670 views",12-Apr-19,311K,4:43,https://www.youtube.com/watch?v=Ms5yMta2p9A
Billie Eilish - when the party’s over (Live From The Ellen Show/2019),Billie Eilish,"7,277,754 views",02-Apr-19,298K,3:57,https://www.youtube.com/watch?v=12fXWudE_xU
Billie Eilish - bury a friend (Live),Billie Eilish,"19,760,936 views",31-Mar-19,833K,3:30,https://www.youtube.com/watch?v=RVc4kayC9bo
Billie Eilish - bad guy,Billie Eilish,"1,207,698,599 views",29-Mar-19,17M,3:26,https://www.youtube.com/watch?v=DyDfgMOUjCI
"WHEN WE ALL FALL ASLEEP, WHERE DO WE GO?",Billie Eilish,"2,742,369 views",28-Mar-19,313K,0:32,https://www.youtube.com/watch?v=mMX2ohnUgGg
A Snippet into Billie's Mind - wish you were gay,Billie Eilish,"3,679,043 views",04-Mar-19,258K,3:26,https://www.youtube.com/watch?v=Zm_s6_QTJG0
Billie Eilish - wish you were gay (Audio),Billie Eilish,"115,833,067 views",04-Mar-19,1.9M,3:42,https://www.youtube.com/watch?v=yaJx0Gj_LCY
A Snippet into Billie’s Mind - bury a friend,Billie Eilish,"5,710,470 views",23-Feb-19,407K,3:31,https://www.youtube.com/watch?v=kvo_R9eKpVc
Billie Eilish - bury a friend,Billie Eilish,"447,995,210 views",30-Jan-19,8.1M,3:33,https://www.youtube.com/watch?v=HUHC9tYz8ik
hahahahaha,Billie Eilish,"17,719,153 views",29-Jan-19,1.5M,0:17,https://www.youtube.com/watch?v=b_em8lNLJXc
Billie Eilish - WHEN I WAS OLDER (Music Inspired By The Film ROMA/Audio),Billie Eilish,"20,502,109 views",09-Jan-19,496K,4:32,https://www.youtube.com/watch?v=0I4fD49Gbck
Billie Eilish - come out and play (Audio),Billie Eilish,"32,916,225 views",21-Nov-18,674K,3:32,https://www.youtube.com/watch?v=xXFdnHiGwos
Billie Eilish - bellyache (Vevo LIFT Live Sessions),Billie Eilish,"11,386,727 views",15-Nov-18,286K,3:16,https://www.youtube.com/watch?v=srg3BHdIzZI
Billie Eilish - when the party's over (Vevo LIFT Live Sessions),Billie Eilish,"8,359,209 views",15-Nov-18,297K,3:22,https://www.youtube.com/watch?v=CPmAjkREqSw
Billie Eilish - you should see me in a crown - Live Performance (Vevo LIFT),Billie Eilish,"3,863,340 views",15-Nov-18,115K,3:08,https://www.youtube.com/watch?v=LIdBaYubK8I
Billie Eilish - COPYCAT (Summer Festival Recap),Billie Eilish,"2,691,266 views",12-Nov-18,150K,1:44,https://www.youtube.com/watch?v=SxoRryWApic
Billie Eilish - when the party's over (From Korea),Billie Eilish,"3,505,020 views",06-Nov-18,296K,3:40,https://www.youtube.com/watch?v=thaqhuAs0Jw
Billie Eilish - when the party's over,Billie Eilish,"821,214,218 views",25-Oct-18,12M,3:14,https://www.youtube.com/watch?v=pbMwTqkKSps
Billie Eilish - when the party's over (Audio),Billie Eilish,"57,202,071 views",17-Oct-18,930K,3:16,https://www.youtube.com/watch?v=b6WNdcZpDhQ
Billie Eilish - you should see me in a crown (Live On Ellen / 2018),Billie Eilish,"8,680,083 views",11-Oct-18,348K,3:52,https://www.youtube.com/watch?v=MHNzwtuBTjE
Billie Eilish - hostage,Billie Eilish,"135,813,930 views",08-Oct-18,2.2M,3:55,https://www.youtube.com/watch?v=skHbZBsS7hM
Billie Eilish - Lollapalooza 2018,Billie Eilish,"928,714 views",21-Aug-18,69K,1:01,https://www.youtube.com/watch?v=BUylm6dq8L0
Billie Eilish - you should see me in a crown (Vertical Video),Billie Eilish,"260,283,695 views",10-Aug-18,4.3M,3:01,https://www.youtube.com/watch?v=Ah0Ys50CqO8
Billie Eilish - The Official Story - Told By Her | Vevo LIFT,Billie Eilish,"4,984,070 views",09-Aug-18,328K,3:25,https://www.youtube.com/watch?v=6KXAzmFAEKg
Billie Eilish - bitches broken hearts (Official Live Performance) | Vevo LIFT,Billie Eilish,"27,582,580 views",31-Jul-18,520K,3:06,https://www.youtube.com/watch?v=i0y7zCaDlzg
Billie Eilish - you should see me in a crown (Official Live Performance) | Vevo LIFT,Billie Eilish,"14,134,325 views",24-Jul-18,519K,3:06,https://www.youtube.com/watch?v=1DJuFuKydn0
"""1 BY 1"" TOUR",Billie Eilish,"1,784,833 views",23-Jul-18,107K,0:28,https://www.youtube.com/watch?v=w5THNKAV5tc
Billie Eilish - you should see me in a crown (Audio),Billie Eilish,"29,204,085 views",18-Jul-18,598K,3:02,https://www.youtube.com/watch?v=za8Ki4CCXgg
Billie Eilish – Documentary | Up Next,Billie Eilish,"7,792,546 views",07-May-18,478K,8:43,https://www.youtube.com/watch?v=vuXDX8AQFZ8
"Billie Eilish, Khalid - lovely",Billie Eilish,"1,645,699,528 views",26-Apr-18,23M,3:21,https://www.youtube.com/watch?v=V1Pl8CzNzCw
Billie Eilish - lovely (with Khalid) Audio,Billie Eilish,"19,061,614 views",19-Apr-18,329K,3:21,https://www.youtube.com/watch?v=wjj2upnfBI0
Billie Eilish - bellyache (Live On The Tonight Show Starring Jimmy Fallon / 2018),Billie Eilish,"7,873,710 views",13-Apr-18,275K,3:29,https://www.youtube.com/watch?v=q--EFDQT9pM
Billie Eilish - WHERES MY MIND TOUR | by Gibson Hazard,Billie Eilish,"1,147,269 views",12-Apr-18,103K,1:00,https://www.youtube.com/watch?v=6EZWBhA-Zgo
Billie Eilish - bitches broken hearts (Audio),Billie Eilish,"55,619,135 views",30-Mar-18,834K,2:58,https://www.youtube.com/watch?v=qpQSjf-0Lc8
Billie Eilish - Watch (Acoustic) | Up Next,Billie Eilish,"11,713,155 views",28-Mar-18,276K,3:23,https://www.youtube.com/watch?v=U0jmgLaNL-Y
Billie Eilish - MyBoi (TroyBoi Remix/Audio),Billie Eilish,"3,191,193 views",09-Mar-18,88K,3:33,https://www.youtube.com/watch?v=7AocLuDCQjY
Billie Eilish - COPYCAT (Sofi Tukker Remix/Audio),Billie Eilish,"3,457,092 views",12-Jan-18,105K,3:20,https://www.youtube.com/watch?v=QhWE0wvkPnY
Billie Eilish - idontwannabeyouanymore (Vertical Video),Billie Eilish,"304,871,957 views",04-Jan-18,3.9M,3:25,https://www.youtube.com/watch?v=-tn2S3kJlyU
"Billie Eilish, Vince Staples - &burn (Audio)",Billie Eilish,"15,083,381 views",15-Dec-17,247K,3:01,https://www.youtube.com/watch?v=BbQlBOHwZz8
Billie Eilish - watch,Billie Eilish,"75,959,157 views",18-Sep-17,1.1M,3:20,https://www.youtube.com/watch?v=9dobJDxPEzM
Billie Eilish - COPYCAT (Live From The Hi Hat),Billie Eilish,"2,044,018 views",07-Sep-17,90K,3:19,https://www.youtube.com/watch?v=fD3K8bFvb8U
Billie Eilish - dont smile at me,Billie Eilish,"2,125,333 views",14-Aug-17,178K,0:37,https://www.youtube.com/watch?v=p8J-SX_5gcs
Billie Eilish - hostage (Audio),Billie Eilish,"28,025,092 views",11-Aug-17,307K,3:50,https://www.youtube.com/watch?v=p9sUkJry_XA
Billie Eilish - party favor (Audio),Billie Eilish,"33,862,261 views",11-Aug-17,533K,3:24,https://www.youtube.com/watch?v=tGHTOVw6F4Q
Billie Eilish - my boy (Audio),Billie Eilish,"148,587,811 views",28-Jul-17,1.4M,2:51,https://www.youtube.com/watch?v=dVUmSgzgOqs
Billie Eilish - idontwannabeyouanymore (Audio),Billie Eilish,"16,696,981 views",21-Jul-17,207K,3:24,https://www.youtube.com/watch?v=WnUR3be5Ebk
Billie Eilish - COPYCAT (Audio),Billie Eilish,"160,646,733 views",14-Jul-17,2.2M,3:18,https://www.youtube.com/watch?v=ebb5AinKxWI
Billie Eilish - watch (Audio),Billie Eilish,"4,889,074 views",30-Jun-17,108K,2:57,https://www.youtube.com/watch?v=UWAbdiiAOZA
Billie Eilish - Bored,Billie Eilish,"52,593,460 views",26-Jun-17,1M,3:16,https://www.youtube.com/watch?v=cnGW8NR-toE
Billie Eilish - Bellyache (Marian Hill Remix/Audio),Billie Eilish,"16,810,017 views",10-May-17,352K,3:38,https://www.youtube.com/watch?v=EouSUGJ7OLQ
Billie Eilish - Bored (Audio),Billie Eilish,"90,064,287 views",07-Apr-17,1.1M,2:59,https://www.youtube.com/watch?v=Q2WcdaF8uL8
Billie Eilish - Bellyache,Billie Eilish,"600,007,646 views",22-Mar-17,7M,3:31,https://www.youtube.com/watch?v=gBRi6aZJGj4
Billie Eilish - Bellyache (Audio),Billie Eilish,"5,013,237 views",24-Feb-17,100K,3:00,https://www.youtube.com/watch?v=lVacSI9wTbY
Billie Eilish - Ocean Eyes (Dance Performance Video),Billie Eilish,"93,554,294 views",22-Nov-16,1.5M,3:21,https://www.youtube.com/watch?v=hG4lT4fxj8M
Billie Eilish - Six Feet Under,Billie Eilish,"32,062,444 views",01-Jul-16,524K,3:14,https://www.youtube.com/watch?v=FQ0iq10ULNA
Billie Eilish - Ocean Eyes (Official Music Video),Billie Eilish,"410,971,781 views",24-Mar-16,5.6M,3:21,https://www.youtube.com/watch?v=viimfQi_pUw
Billie Eilish - Ocean Eyes (Official Audio) - Lyrics In Description,Billie Eilish,"2,183,000 views",01-Dec-15,102K,3:21,https://www.youtube.com/watch?v=d--DyK0wtYo
Billie Eilish and Simone Midby do Aerial Silks at Foshay performance,Billie Eilish,"18,487,606 views",17-Feb-14,811K,3:36,https://www.youtube.com/watch?v=es0Y8ikir1k
